titles,category
국민의힘 더불어민주당 선거 운동 단체복 유니폼 선거옷 제작,Fasion
라쉬반 남자팬티 스텔론  종 세트,Fasion
 정품  남여공용 아쿠아슈즈 논스톱  컬러,Fasion
셀퓨전씨 레이저 UV 썬 스크린   ml,Makeup
팔꿈치 겨드랑이 무릎 미백 착색크림 화이트닝,Makeup
뉴트로지나 시카 에멀젼 바디로션    mLx ,Makeup
멜론책상 D    D    컴퓨터용 사무용가구,Interior
애플  단 책장 기본 사무실가구 오픈장 수납장,Interior
멀티가구  단  단  단 캐비닛 캐비넷 골프락카 스터디카페 사물함 락카장,Interior
데이터 완벽차단 삼성 정품 공부폰     년 갤럭시A   공신폰 키즈폰 초등학생폰 학생폰,Digital
카날스 EG     EG    이동식앰프 충전식 강의용 야외용 색소폰 행사용앰프    W,Digital
강의용마이크 수업용 기가폰 강사 강사용 선생님 가이드 교사용 카날스 EG    N,Digital
단백질쉐이크 프로틴몽 프로틴파우치 식사대용한끼,Food
네이처메이드 공식스토어 여성 종합영양제 비타민,Food
     한국산 프리미엄 유산균  듀오락 골드,Food
kt M모바일 완전무제한 LTE후불 유심카드,Trip
태국 eSIM 데이터 무제한 와이파이 유심 이심 도시락eSIM,Trip
강남 용인 비상주사무실 공유 오피스 소호사무실 사업자등록 단기 이용권 전국지점 ,Trip
